lastname,firstname,surname,organization,position,phone,email

Попов,Николай,Сергеевна,Счетная палата; МВД России; Росреестр,руководитель проекта; программист 1С; аналитик по финансовым вопросам,+7 (495) 371-90-09,николай.попов@example.com

Сергеев,Мария,Станиславовна,ЦБ РФ; Счетная палата; Счетная палата; ЦБ РФ; Счетная палата; Росреестр,главный специалист – эксперт отдела взаимодействия с федеральными органами власти; программист 1С; менеджер по работе с клиентами; руководитель проекта; руководитель проекта; специалист по кадрам,+7 (495) 904-40-20,мария.сергеев@example.com

Сергеев,Анастасия,Владимировна,ЦБ РФ; Росстат; Счетная палата,программист 1С; советник отдела Интернет проектов Управления информационных технологий; руководитель проекта,+7 (495) 494-37-47,анастасия.сергеев@example.com

Лукина,Виктория,Дмитриевна,Федеральная служба по труду и занятости; МВД России; МВД России,специалист по кадрам; советник отдела Интернет проектов Управления информационных технологий; специалист отдела налогового контроля,+7 (495) 442-43-44,виктория.лукина@example.com

Лагунцов,Виталий,Геннадьевич,ЦБ РФ; Минфин; ЦБ РФ; Федеральная служба по труду и занятости,аналитик по финансовым вопросам; советник отдела Интернет проектов Управления информационных технологий; юрист-консультант; инженер-программист,+7 (495) 146-58-64,виталий.лагунцов@example.com

Мартиняхин,Вячеслав,Владимировна,Росстат; Федеральная служба по труду и занятости; Счетная палата; Госдума РФ,аналитик по финансовым вопросам; руководитель проекта; старший бухгалтер; финансовый аналитик,+7 (495) 329-05-45,вячеслав.мартиняхин@example.com

Лагунцов,Ксения,Геннадьевич,Счетная палата; Федеральная служба по труду и занятости; МВД России; Росреестр; МВД России,советник отдела Интернет проектов Управления информационных технологий; юрист-консультант; директор по развитию бизнеса; менеджер по работе с клиентами; главный специалист – эксперт отдела взаимодействия с федеральными органами власти,+7 (495) 391-16-60,ксения.лагунцов@example.com

Паньшин,Виктория,Игоревна,Росреестр; Счетная палата,юрист-консультант,+7 (495) 894-44-25,виктория.паньшин@example.com

Сидоров,Арсений,Игоревна,Госдума РФ; Счетная палата; ЦБ РФ; Росстат,менеджер по работе с клиентами; программист 1С; аналитик по финансовым вопросам; менеджер по продажам,+7 (495) 771-91-58,арсений.сидоров@example.com

Смирнов,Александра,Дмитриевна,Росреестр; МВД России; Росреестр,менеджер по работе с клиентами; финансовый аналитик; старший бухгалтер,+7 (495) 684-00-37,александра.смирнов@example.com

Михайлов,Евгений,Валентинович,Федеральная служба по труду и занятости; ЦБ РФ,менеджер по продажам; специалист отдела налогового контроля,+7 (495) 924-90-98,евгений.михайлов@example.com

Васильев,Евгений,Владимировна,Федеральная служба по труду и занятости; МВД России; ФНС; Минфин; Росреестр,советник отдела Интернет проектов Управления информационных технологий; менеджер по продажам; менеджер по продажам; юрист-консультант; менеджер по работе с клиентами,+7 (495) 706-32-74,евгений.васильев@example.com

Федоров,Сергей,Рифхатович,ЦБ РФ,менеджер по работе с клиентами; финансовый аналитик,+7 (495) 627-98-00,сергей.федоров@example.com

Федоров,Ксения,Станиславовна,ФНС; Минфин; Росреестр,специалист по кадрам; специалист отдела налогового контроля; финансовый аналитик,+7 (495) 301-96-91,ксения.федоров@example.com

Алексеев,Дмитрий,Геннадьевич,Минфин; МВД России; ФНС,финансовый аналитик; руководитель проекта; специалист по маркетингу,+7 (495) 108-33-23,дмитрий.алексеев@example.com

Дмитриев,Арсений,Дмитриевна,Госдума РФ; Минфин; Счетная палата; Росстат,специалист отдела налогового контроля; руководитель проекта; программист 1С; старший бухгалтер; главный специалист – эксперт отдела взаимодействия с федеральными органами власти,+7 (495) 608-04-00,арсений.дмитриев@example.com

Алексеев,Ольга,Николаевич,Росреестр; Минфин; Росстат; Минфин; Федеральная служба по труду и занятости,директор по развитию бизнеса; менеджер по продажам; менеджер по работе с клиентами; аналитик по финансовым вопросам; старший бухгалтер,+7 (495) 117-66-27,ольга.алексеев@example.com

Михайлов,Олег,Сергеевна,Федеральная служба по труду и занятости,программист 1С,+7 (495) 381-30-24,олег.михайлов@example.com

Сидоров,Сергей,Дмитриевна,Госдума РФ; Счетная палата; МВД России,старший бухгалтер; инженер-программист; менеджер по работе с клиентами,+7 (495) 364-75-65,сергей.сидоров@example.com

Наркаев,Ольга,Рифхатович,Счетная палата; Росстат; ФНС; МВД России,директор по развитию бизнеса,+7 (495) 572-36-62,ольга.наркаев@example.com

Дмитриев,Евгений,Рифхатович,Росреестр; ЦБ РФ; МВД России; Минфин; МВД России; Росстат; Росреестр,инженер-программист; юрист-консультант; старший бухгалтер; финансовый аналитик; программист 1С; инженер-программист; финансовый аналитик,+7 (495) 360-07-64,евгений.дмитриев@example.com

Сидоров,Олег,Рифхатович,Минфин; ФНС; Счетная палата,советник отдела Интернет проектов Управления информационных технологий; специалист отдела налогового контроля; юрист-консультант,+7 (495) 829-61-96,олег.сидоров@example.com

Иванов,Александра,Рифхатович,ФНС; Минфин,руководитель проекта; старший бухгалтер,+7 (495) 896-99-62,александра.иванов@example.com

Петров,Дмитрий,Сергеевна,Госдума РФ; МВД России; МВД России; Счетная палата; Счетная палата; Федеральная служба по труду и занятости,инженер-программист; менеджер по работе с клиентами; специалист по кадрам; финансовый аналитик; директор по развитию бизнеса; старший бухгалтер,+7 (495) 802-25-70,дмитрий.петров@example.com

Федоров,Анастасия,Рифхатович,Минфин; Росреестр; Минфин,инженер-программист; руководитель проекта; специалист по маркетингу,+7 (495) 588-49-27,анастасия.федоров@example.com

Петров,Анастасия,Станиславовна,Госдума РФ; Минфин; ФНС,советник отдела Интернет проектов Управления информационных технологий; менеджер по продажам; юрист-консультант,+7 (495) 634-81-39,анастасия.петров@example.com

Кузнецов,Анна,Геннадьевич,Счетная палата; Росстат; ФНС,специалист по маркетингу; инженер-программист,+7 (495) 295-26-03,анна.кузнецов@example.com

Михайлов,Виталий,Валентинович,Росреестр; Росстат; Счетная палата; Счетная палата,директор по развитию бизнеса; аналитик по финансовым вопросам; специалист по кадрам; старший бухгалтер,+7 (495) 725-58-62,виталий.михайлов@example.com

Кузнецов,Олег,Владимировна,Минфин; МВД России; Госдума РФ; Счетная палата,главный специалист – эксперт отдела взаимодействия с федеральными органами власти; специалист отдела налогового контроля; специалист по кадрам; руководитель проекта,+7 (495) 196-42-48,олег.кузнецов@example.com

Дмитриев,Дмитрий,Рифхатович,Росреестр; Минфин; Росстат; Федеральная служба по труду и занятости; Счетная палата; Росреестр; ФНС; Госдума РФ,менеджер по продажам; старший бухгалтер; программист 1С; специалист отдела налогового контроля; специалист отдела налогового контроля; менеджер по продажам; старший бухгалтер; руководитель проекта,+7 (495) 845-50-10,дмитрий.дмитриев@example.com

Усольцев,Татьяна,Игоревна,ЦБ РФ; Росреестр,аналитик по финансовым вопросам; финансовый аналитик,+7 (495) 620-22-30,татьяна.усольцев@example.com

Смирнов,Сергей,Рифхатович,Федеральная служба по труду и занятости; Госдума РФ; ЦБ РФ; Росреестр; Минфин,руководитель проекта; главный специалист – эксперт отдела взаимодействия с федеральными органами власти; юрист-консультант; старший бухгалтер; руководитель проекта,+7 (495) 597-82-62,сергей.смирнов@example.com

Васильев,Виталий,Игоревна,Федеральная служба по труду и занятости; Минфин; ФНС; Росреестр; Госдума РФ,аналитик по финансовым вопросам; директор по развитию бизнеса; директор по развитию бизнеса; специалист по маркетингу; директор по развитию бизнеса,+7 (495) 903-79-15,виталий.васильев@example.com

Смирнов,Виталий,Рифхатович,Минфин; Федеральная служба по труду и занятости; Счетная палата,менеджер по работе с клиентами; старший бухгалтер; финансовый аналитик,+7 (495) 206-60-72,виталий.смирнов@example.com

Кузнецов,Александра,Александрович,Росстат; Счетная палата; Росстат; Федеральная служба по труду и занятости,руководитель проекта; специалист по кадрам; юрист-консультант; руководитель проекта,+7 (495) 270-04-18,александра.кузнецов@example.com

Тихонов,Анна,Сергеевна,ЦБ РФ; ФНС; ФНС; МВД России,менеджер по продажам; юрист-консультант; директор по развитию бизнеса; инженер-программист,+7 (495) 623-44-09,анна.тихонов@example.com

Дмитриев,Виктория,Владимировна,Госдума РФ; ФНС,советник отдела Интернет проектов Управления информационных технологий; менеджер по продажам,+7 (495) 761-20-44,виктория.дмитриев@example.com

Зайцев,Дмитрий,Александрович,МВД России; Счетная палата; ЦБ РФ,менеджер по продажам; специалист по кадрам; аналитик по финансовым вопросам,+7 (495) 430-80-90,дмитрий.зайцев@example.com

Михайлов,Анна,Станиславовна,Счетная палата; Росреестр; Счетная палата; ЦБ РФ; Госдума РФ; Счетная палата,менеджер по продажам; главный специалист – эксперт отдела взаимодействия с федеральными органами власти; менеджер по работе с клиентами; инженер-программист; руководитель проекта; старший бухгалтер,+7 (495) 968-36-36,анна.михайлов@example.com

Михайлов,Мария,Владимировна,ФНС; Росстат; ЦБ РФ,финансовый аналитик; менеджер по работе с клиентами; менеджер по продажам,+7 (495) 132-16-71,мария.михайлов@example.com

Федоров,Олег,Станиславовна,Госдума РФ; Счетная палата; МВД России; Счетная палата,юрист-консультант; советник отдела Интернет проектов Управления информационных технологий; директор по развитию бизнеса; специалист по кадрам,+7 (495) 131-43-70,олег.федоров@example.com

Петров,Сергей,Николаевич,Росреестр; МВД России,советник отдела Интернет проектов Управления информационных технологий; специалист по маркетингу,+7 (495) 633-30-81,сергей.петров@example.com

Дмитриев,Николай,Валентинович,Счетная палата; ЦБ РФ,инженер-программист; специалист по маркетингу,+7 (495) 569-14-79,николай.дмитриев@example.com

Кузнецов,Иван,Дмитриевна,Госдума РФ; Минфин,директор по развитию бизнеса; специалист отдела налогового контроля; менеджер по работе с клиентами,+7 (495) 244-41-21,иван.кузнецов@example.com

Наркаев,Виктория,Дмитриевна,ФНС; Госдума РФ; ФНС; Росстат; Росреестр,старший бухгалтер; главный специалист – эксперт отдела взаимодействия с федеральными органами власти; директор по развитию бизнеса; специалист отдела налогового контроля; директор по развитию бизнеса,+7 (495) 122-45-04,виктория.наркаев@example.com

Наркаев,Екатерина,Геннадьевич,Счетная палата; ФНС; Федеральная служба по труду и занятости; ЦБ РФ,специалист по кадрам; специалист по маркетингу; менеджер по работе с клиентами; руководитель проекта,+7 (495) 496-91-80,екатерина.наркаев@example.com

Смирнов,Евгений,Николаевич,Росреестр; ФНС,менеджер по работе с клиентами,+7 (495) 518-26-51,евгений.смирнов@example.com

Смирнов,Дмитрий,Геннадьевич,Росреестр; Росстат; Счетная палата,советник отдела Интернет проектов Управления информационных технологий; аналитик по финансовым вопросам; финансовый аналитик,+7 (495) 487-61-88,дмитрий.смирнов@example.com

Лукина,Арсений,Дмитриевна,ЦБ РФ; МВД России; Счетная палата,специалист по маркетингу; руководитель проекта; специалист по маркетингу,+7 (495) 257-60-85,арсений.лукина@example.com

Зайцев,Арсений,Владимировна,ФНС; МВД России,специалист по кадрам; аналитик по финансовым вопросам,+7 (495) 420-31-01,арсений.зайцев@example.com

Дмитриев,Татьяна,Геннадьевич,Росреестр,инженер-программист,+7 (495) 922-84-53,татьяна.дмитриев@example.com

Сергеев,Татьяна,Дмитриевна,Росреестр; Госдума РФ; МВД России,специалист по кадрам; старший бухгалтер; специалист по маркетингу,+7 (495) 301-02-95,татьяна.сергеев@example.com

Лукина,Ксения,Геннадьевич,Федеральная служба по труду и занятости; Росреестр; Росреестр; Минфин; Федеральная служба по труду и занятости; Счетная палата,специалист по кадрам; менеджер по работе с клиентами; директор по развитию бизнеса; руководитель проекта; специалист по кадрам,+7 (495) 418-44-65,ксения.лукина@example.com

Сергеев,Ксения,Николаевич,ФНС; Госдума РФ; Федеральная служба по труду и занятости; Минфин,аналитик по финансовым вопросам; специалист по кадрам; советник отдела Интернет проектов Управления информационных технологий; директор по развитию бизнеса,+7 (495) 362-09-35,ксения.сергеев@example.com

Васильев,Николай,Владимировна,Счетная палата; ЦБ РФ; Госдума РФ; ЦБ РФ,программист 1С; директор по развитию бизнеса; руководитель проекта; программист 1С,+7 (495) 741-27-29,николай.васильев@example.com

Петров,Анна,Станиславовна,ЦБ РФ; Федеральная служба по труду и занятости; Росреестр,менеджер по продажам; главный специалист – эксперт отдела взаимодействия с федеральными органами власти; специалист по кадрам,+7 (495) 357-59-91,анна.петров@example.com

Кузнецов,Дмитрий,Геннадьевич,ЦБ РФ; ФНС,специалист по маркетингу; советник отдела Интернет проектов Управления информационных технологий,+7 (495) 258-32-53,дмитрий.кузнецов@example.com

Тихонов,Евгений,Александрович,Госдума РФ; Росстат,юрист-консультант; менеджер по работе с клиентами,+7 (495) 928-78-92,евгений.тихонов@example.com

Зайцев,Анастасия,Валентинович,ЦБ РФ,менеджер по работе с клиентами,+7 (495) 349-91-09,анастасия.зайцев@example.com

Паньшин,Сергей,Владимировна,Минфин; Счетная палата; Счетная палата,советник отдела Интернет проектов Управления информационных технологий; специалист отдела налогового контроля; менеджер по работе с клиентами,+7 (495) 877-11-41,сергей.паньшин@example.com

Усольцев,Мария,Станиславовна,Госдума РФ; Росстат; Счетная палата; Счетная палата,финансовый аналитик; юрист-консультант; старший бухгалтер; советник отдела Интернет проектов Управления информационных технологий,+7 (495) 667-07-39,мария.усольцев@example.com

Иванов,Арсений,Станиславовна,Федеральная служба по труду и занятости,менеджер по продажам; программист 1С,+7 (495) 965-90-50,арсений.иванов@example.com

Смирнов,Алексей,Рифхатович,Минфин; Росреестр; Росреестр,руководитель проекта; менеджер по продажам; специалист по маркетингу,+7 (495) 348-66-33,алексей.смирнов@example.com

Наркаев,Евгений,Александрович,Госдума РФ,финансовый аналитик,+7 (495) 800-06-15,евгений.наркаев@example.com

Петров,Ольга,Игоревна,Федеральная служба по труду и занятости; ФНС; МВД России; Федеральная служба по труду и занятости; Минфин,руководитель проекта; специалист по кадрам; юрист-консультант; юрист-консультант; специалист отдела налогового контроля,+7 (495) 130-71-05,ольга.петров@example.com

Петров,Николай,Николаевич,Госдума РФ; Федеральная служба по труду и занятости; Госдума РФ,аналитик по финансовым вопросам; специалист отдела налогового контроля; специалист отдела налогового контроля,+7 (495) 911-50-61,николай.петров@example.com

Федоров,Вячеслав,Сергеевна,ЦБ РФ; Минфин; Федеральная служба по труду и занятости; ЦБ РФ; Госдума РФ; Госдума РФ,старший бухгалтер; специалист по маркетингу; юрист-консультант; старший бухгалтер; финансовый аналитик; инженер-программист,+7 (495) 537-40-57,вячеслав.федоров@example.com

Алексеев,Ксения,Валентинович,ФНС; Минфин; МВД России; Госдума РФ; МВД России,специалист по кадрам; финансовый аналитик; специалист по маркетингу; финансовый аналитик; главный специалист – эксперт отдела взаимодействия с федеральными органами власти,+7 (495) 479-41-50,ксения.алексеев@example.com

Алексеев,Николай,Геннадьевич,Росстат; Росреестр; Счетная палата,программист 1С; директор по развитию бизнеса; менеджер по продажам,+7 (495) 396-62-86,николай.алексеев@example.com

Усольцев,Александра,Рифхатович,Минфин; Счетная палата,советник отдела Интернет проектов Управления информационных технологий; юрист-консультант; старший бухгалтер,+7 (495) 261-23-76,александра.усольцев@example.com

Васильев,Ксения,Станиславовна,Федеральная служба по труду и занятости; Росстат; ЦБ РФ; Федеральная служба по труду и занятости; Федеральная служба по труду и занятости,специалист по маркетингу; специалист по кадрам; старший бухгалтер; юрист-консультант; менеджер по работе с клиентами,+7 (495) 768-77-86,ксения.васильев@example.com

Тихонов,Дмитрий,Станиславовна,Минфин; Росстат,аналитик по финансовым вопросам; менеджер по продажам,+7 (495) 294-74-20,дмитрий.тихонов@example.com

Петров,Арсений,Геннадьевич,ЦБ РФ; ФНС,менеджер по продажам; директор по развитию бизнеса,+7 (495) 941-23-11,арсений.петров@example.com

Федоров,Евгений,Дмитриевна,Росстат; Госдума РФ; Счетная палата; МВД России; Госдума РФ,руководитель проекта; юрист-консультант; финансовый аналитик; главный специалист – эксперт отдела взаимодействия с федеральными органами власти; старший бухгалтер,+7 (495) 350-28-95,евгений.федоров@example.com

Попов,Екатерина,Николаевич,МВД России; Росреестр; МВД России; Счетная палата,старший бухгалтер; менеджер по продажам; юрист-консультант; директор по развитию бизнеса,+7 (495) 308-64-78,екатерина.попов@example.com

Сергеев,Сергей,Сергеевна,Минфин,менеджер по продажам,+7 (495) 335-85-28,сергей.сергеев@example.com

Лукина,Ольга,Валентинович,Росстат,советник отдела Интернет проектов Управления информационных технологий,+7 (495) 238-11-65,ольга.лукина@example.com

Сидоров,Ксения,Сергеевна,ЦБ РФ; Федеральная служба по труду и занятости; Госдума РФ,финансовый аналитик; инженер-программист; инженер-программист,+7 (495) 803-79-72,ксения.сидоров@example.com

Федоров,Анна,Валентинович,Росреестр; Госдума РФ; ЦБ РФ,руководитель проекта; специалист отдела налогового контроля; аналитик по финансовым вопросам,+7 (495) 491-28-32,анна.федоров@example.com

Иванов,Вячеслав,Александрович,Росстат; ФНС; Счетная палата,юрист-консультант; главный специалист – эксперт отдела взаимодействия с федеральными органами власти; главный специалист – эксперт отдела взаимодействия с федеральными органами власти,+7 (495) 939-25-00,вячеслав.иванов@example.com

Зайцев,Ксения,Станиславовна,Госдума РФ; Росреестр; Счетная палата; МВД России,менеджер по работе с клиентами; советник отдела Интернет проектов Управления информационных технологий; специалист отдела налогового контроля; аналитик по финансовым вопросам,+7 (495) 548-38-14,ксения.зайцев@example.com

Тихонов,Вячеслав,Дмитриевна,Росстат; ЦБ РФ; Федеральная служба по труду и занятости; Госдума РФ; ФНС; Федеральная служба по труду и занятости,аналитик по финансовым вопросам; главный специалист – эксперт отдела взаимодействия с федеральными органами власти; главный специалист – эксперт отдела взаимодействия с федеральными органами власти; специалист по кадрам; менеджер по продажам; руководитель проекта,+7 (495) 195-40-45,вячеслав.тихонов@example.com

Васильев,Алексей,Рифхатович,Росреестр; ЦБ РФ,специалист по кадрам; главный специалист – эксперт отдела взаимодействия с федеральными органами власти,+7 (495) 723-92-50,алексей.васильев@example.com

Лукина,Николай,Геннадьевич,Минфин; Счетная палата; Минфин; Росреестр,финансовый аналитик; специалист по кадрам; главный специалист – эксперт отдела взаимодействия с федеральными органами власти; менеджер по продажам,+7 (495) 457-65-04,николай.лукина@example.com

Мартиняхин,Евгений,Николаевич,Росстат; Счетная палата; ЦБ РФ,юрист-консультант; главный специалист – эксперт отдела взаимодействия с федеральными органами власти; руководитель проекта,+7 (495) 809-33-38,евгений.мартиняхин@example.com

Усольцев,Виктория,Владимировна,Минфин; Счетная палата,специалист отдела налогового контроля; специалист по кадрам,+7 (495) 469-07-71,виктория.усольцев@example.com

Усольцев,Евгений,Владимировна,Федеральная служба по труду и занятости; Минфин; Счетная палата; МВД России; Госдума РФ; Федеральная служба по труду и занятости,специалист отдела налогового контроля; менеджер по продажам; специалист по кадрам; аналитик по финансовым вопросам; директор по развитию бизнеса; специалист по маркетингу,+7 (495) 793-24-86,евгений.усольцев@example.com

Зайцев,Сергей,Игоревна,Госдума РФ; Минфин; Федеральная служба по труду и занятости,старший бухгалтер; аналитик по финансовым вопросам; юрист-консультант; специалист отдела налогового контроля; руководитель проекта,+7 (495) 890-43-20,сергей.зайцев@example.com

Сидоров,Ольга,Станиславовна,Росреестр; Госдума РФ; Федеральная служба по труду и занятости,специалист по маркетингу; программист 1С; специалист отдела налогового контроля,+7 (495) 442-81-89,ольга.сидоров@example.com

Наркаев,Вячеслав,Игоревна,Минфин; Счетная палата; ЦБ РФ; Счетная палата; Госдума РФ,аналитик по финансовым вопросам; старший бухгалтер; программист 1С; специалист по маркетингу; программист 1С,+7 (495) 969-90-17,вячеслав.наркаев@example.com

Лукина,Александра,Владимировна,Минфин; ФНС,юрист-консультант; программист 1С,+7 (495) 432-41-07,александра.лукина@example.com

Попов,Арсений,Александрович,МВД России; Минфин; Минфин,аналитик по финансовым вопросам; директор по развитию бизнеса; специалист по кадрам,+7 (495) 252-02-92,арсений.попов@example.com

Дмитриев,Сергей,Станиславовна,Росреестр; ЦБ РФ; ФНС; Счетная палата; Госдума РФ; Госдума РФ,руководитель проекта; юрист-консультант; менеджер по продажам; менеджер по работе с клиентами; директор по развитию бизнеса; советник отдела Интернет проектов Управления информационных технологий,+7 (495) 738-95-90,сергей.дмитриев@example.com

Сидоров,Татьяна,Геннадьевич,Минфин; Федеральная служба по труду и занятости; Росреестр; Росстат; ЦБ РФ; ФНС; ФНС; ФНС; ФНС,менеджер по работе с клиентами; специалист отдела налогового контроля; специалист отдела налогового контроля; старший бухгалтер; специалист отдела налогового контроля; менеджер по продажам; специалист по маркетингу; менеджер по продажам; финансовый аналитик,+7 (495) 915-88-44,татьяна.сидоров@example.com

Зайцев,Олег,Валентинович,ЦБ РФ; ФНС; Минфин; ЦБ РФ,юрист-консультант; менеджер по работе с клиентами; программист 1С,+7 (495) 737-79-55,олег.зайцев@example.com

Васильев,Арсений,Владимировна,Госдума РФ,аналитик по финансовым вопросам,+7 (495) 258-78-76,арсений.васильев@example.com

Петров,Екатерина,Станиславовна,ЦБ РФ; ФНС; ЦБ РФ,менеджер по продажам; специалист по кадрам; менеджер по продажам,+7 (495) 247-16-24,екатерина.петров@example.com

Михайлов,Вячеслав,Александрович,МВД России; ЦБ РФ,юрист-консультант,+7 (495) 918-62-37,вячеслав.михайлов@example.com

Кузнецов,Сергей,Игоревна,Федеральная служба по труду и занятости; Счетная палата; Минфин; Госдума РФ,программист 1С; старший бухгалтер,+7 (495) 177-83-10,сергей.кузнецов@example.com

Попов,Виталий,Геннадьевич,Росреестр; Федеральная служба по труду и занятости; Госдума РФ; Счетная палата; ФНС,главный специалист – эксперт отдела взаимодействия с федеральными органами власти; программист 1С; директор по развитию бизнеса; руководитель проекта; главный специалист – эксперт отдела взаимодействия с федеральными органами власти; менеджер по работе с клиентами,+7 (495) 870-50-11,виталий.попов@example.com

Сергеев,Арсений,Валентинович,Минфин; Федеральная служба по труду и занятости,специалист отдела налогового контроля; старший бухгалтер; инженер-программист; юрист-консультант,+7 (495) 618-34-76,арсений.сергеев@example.com

Наркаев,Анастасия,Рифхатович,ЦБ РФ; Росреестр,аналитик по финансовым вопросам; специалист отдела налогового контроля; аналитик по финансовым вопросам,+7 (495) 398-42-01,анастасия.наркаев@example.com

Дмитриев,Мария,Дмитриевна,ЦБ РФ; Росстат; Федеральная служба по труду и занятости,программист 1С; главный специалист – эксперт отдела взаимодействия с федеральными органами власти; аналитик по финансовым вопросам,+7 (495) 286-96-02,мария.дмитриев@example.com

Иванов,Анастасия,Валентинович,Федеральная служба по труду и занятости; Минфин,юрист-консультант; специалист отдела налогового контроля,+7 (495) 120-33-42,анастасия.иванов@example.com

Лагунцов,Олег,Станиславовна,МВД России; ФНС; Росреестр; МВД России,менеджер по продажам; финансовый аналитик; юрист-консультант; менеджер по продажам,+7 (495) 351-27-80,олег.лагунцов@example.com

Усольцев,Сергей,Сергеевна,Росстат; МВД России; Счетная палата,специалист по кадрам; специалист по маркетингу; главный специалист – эксперт отдела взаимодействия с федеральными органами власти; программист 1С,+7 (495) 191-48-98,сергей.усольцев@example.com

Кузнецов,Ксения,Дмитриевна,Счетная палата; Росреестр; Росреестр; Госдума РФ; Минфин,программист 1С; директор по развитию бизнеса; аналитик по финансовым вопросам; финансовый аналитик; специалист отдела налогового контроля,+7 (495) 159-54-32,ксения.кузнецов@example.com

Васильев,Екатерина,Дмитриевна,ФНС; МВД России; ЦБ РФ,финансовый аналитик; советник отдела Интернет проектов Управления информационных технологий; программист 1С,+7 (495) 836-24-19,екатерина.васильев@example.com

Лагунцов,Татьяна,Николаевич,Минфин; Росстат,руководитель проекта; менеджер по продажам,+7 (495) 935-71-16,татьяна.лагунцов@example.com

Усольцев,Виталий,Игоревна,Федеральная служба по труду и занятости; Госдума РФ; Росстат,программист 1С; менеджер по работе с клиентами; старший бухгалтер,+7 (495) 792-65-95,виталий.усольцев@example.com

Иванов,Ксения,Сергеевна,Росстат; Счетная палата,главный специалист – эксперт отдела взаимодействия с федеральными органами власти; специалист по кадрам,+7 (495) 501-25-21,ксения.иванов@example.com

Иванов,Ольга,Геннадьевич,Счетная палата; Росреестр,менеджер по продажам; программист 1С,+7 (495) 929-91-17,ольга.иванов@example.com

Смирнов,Ольга,Игоревна,Федеральная служба по труду и занятости; МВД России; ФНС,специалист отдела налогового контроля; главный специалист – эксперт отдела взаимодействия с федеральными органами власти; старший бухгалтер,+7 (495) 138-73-51,ольга.смирнов@example.com

Лагунцов,Анна,Станиславовна,Росреестр; Федеральная служба по труду и занятости; ЦБ РФ,программист 1С; аналитик по финансовым вопросам; специалист по кадрам,+7 (495) 651-14-06,анна.лагунцов@example.com

Дмитриев,Анна,Станиславовна,Счетная палата; Федеральная служба по труду и занятости; Росреестр; Росреестр; Росреестр,руководитель проекта; старший бухгалтер; финансовый аналитик; специалист по маркетингу; финансовый аналитик,+7 (495) 781-43-08,анна.дмитриев@example.com

Усольцев,Николай,Валентинович,МВД России; Минфин,главный специалист – эксперт отдела взаимодействия с федеральными органами власти; юрист-консультант,+7 (495) 574-83-46,николай.усольцев@example.com

Мартиняхин,Иван,Игоревна,Росстат; Счетная палата; Госдума РФ; ФНС; Росстат,специалист по маркетингу; менеджер по продажам; инженер-программист; специалист по маркетингу; менеджер по работе с клиентами,+7 (495) 280-29-51,иван.мартиняхин@example.com

Зайцев,Алексей,Рифхатович,Росстат; ФНС,директор по развитию бизнеса; главный специалист – эксперт отдела взаимодействия с федеральными органами власти,+7 (495) 590-90-54,алексей.зайцев@example.com

Лукина,Мария,Александрович,Госдума РФ,менеджер по продажам,+7 (495) 481-45-45,мария.лукина@example.com

Федоров,Николай,Игоревна,Росстат; Госдума РФ; Росреестр,аналитик по финансовым вопросам; советник отдела Интернет проектов Управления информационных технологий; руководитель проекта,+7 (495) 306-68-12,николай.федоров@example.com

Алексеев,Арсений,Рифхатович,Федеральная служба по труду и занятости; ФНС; ФНС; Минфин,старший бухгалтер; директор по развитию бизнеса; специалист по кадрам; специалист по маркетингу,+7 (495) 994-20-88,арсений.алексеев@example.com

Мартиняхин,Татьяна,Геннадьевич,Росстат; Минфин,главный специалист – эксперт отдела взаимодействия с федеральными органами власти; аналитик по финансовым вопросам,+7 (495) 451-73-31,татьяна.мартиняхин@example.com

Дмитриев,Ксения,Валентинович,Госдума РФ; Минфин; ЦБ РФ,аналитик по финансовым вопросам; финансовый аналитик; старший бухгалтер,+7 (495) 394-97-40,ксения.дмитриев@example.com

Алексеев,Анна,Владимировна,Росстат; МВД России,старший бухгалтер; директор по развитию бизнеса,+7 (495) 151-46-68,анна.алексеев@example.com

Лагунцов,Николай,Рифхатович,Госдума РФ; ФНС; Федеральная служба по труду и занятости; Росстат,советник отдела Интернет проектов Управления информационных технологий; старший бухгалтер; специалист по маркетингу; программист 1С; директор по развитию бизнеса,+7 (495) 853-72-47,николай.лагунцов@example.com

Алексеев,Алексей,Геннадьевич,Федеральная служба по труду и занятости; Минфин; Госдума РФ; Федеральная служба по труду и занятости,юрист-консультант; старший бухгалтер; менеджер по продажам; финансовый аналитик,+7 (495) 629-54-19,алексей.алексеев@example.com

Усольцев,Олег,Владимировна,Госдума РФ; Федеральная служба по труду и занятости; Госдума РФ; Госдума РФ,советник отдела Интернет проектов Управления информационных технологий; юрист-консультант; руководитель проекта; старший бухгалтер,+7 (495) 865-66-36,олег.усольцев@example.com

Лагунцов,Александра,Игоревна,ЦБ РФ; Росреестр,менеджер по работе с клиентами; специалист по кадрам,+7 (495) 393-87-12,александра.лагунцов@example.com

Попов,Александра,Александрович,Росреестр; Госдума РФ,советник отдела Интернет проектов Управления информационных технологий; аналитик по финансовым вопросам,+7 (495) 374-41-69,александра.попов@example.com

Попов,Сергей,Владимировна,ФНС; Минфин; Росреестр; Минфин,советник отдела Интернет проектов Управления информационных технологий; главный специалист – эксперт отдела взаимодействия с федеральными органами власти; менеджер по работе с клиентами; специалист по кадрам,+7 (495) 197-90-58,сергей.попов@example.com

Паньшин,Алексей,Рифхатович,Счетная палата; МВД России; Росреестр; Госдума РФ,финансовый аналитик; старший бухгалтер; главный специалист – эксперт отдела взаимодействия с федеральными органами власти; специалист по маркетингу,+7 (495) 234-20-46,алексей.паньшин@example.com

Петров,Евгений,Дмитриевна,ФНС; Федеральная служба по труду и занятости; Минфин,специалист по кадрам; аналитик по финансовым вопросам; финансовый аналитик,+7 (495) 350-84-07,евгений.петров@example.com

Сергеев,Ольга,Дмитриевна,Росреестр; ФНС; Госдума РФ; ФНС,советник отдела Интернет проектов Управления информационных технологий; специалист по маркетингу; финансовый аналитик; финансовый аналитик,+7 (495) 948-46-49,ольга.сергеев@example.com

Мартиняхин,Сергей,Геннадьевич,Росстат,специалист отдела налогового контроля,+7 (495) 604-18-69,сергей.мартиняхин@example.com

Усольцев,Вячеслав,Игоревна,Росстат,руководитель проекта,+7 (495) 890-95-47,вячеслав.усольцев@example.com

Алексеев,Вячеслав,Рифхатович,ФНС; ЦБ РФ; ФНС; ФНС,менеджер по работе с клиентами; специалист по кадрам; старший бухгалтер; финансовый аналитик,+7 (495) 795-34-02,вячеслав.алексеев@example.com

Михайлов,Дмитрий,Рифхатович,Росстат; ФНС; Федеральная служба по труду и занятости,менеджер по продажам; аналитик по финансовым вопросам; специалист по кадрам,+7 (495) 440-54-33,дмитрий.михайлов@example.com

Паньшин,Ксения,Владимировна,Минфин; Счетная палата,советник отдела Интернет проектов Управления информационных технологий; юрист-консультант,+7 (495) 147-56-89,ксения.паньшин@example.com

Васильев,Мария,Александрович,Федеральная служба по труду и занятости; Госдума РФ,специалист по кадрам,+7 (495) 909-84-58,мария.васильев@example.com

Паньшин,Татьяна,Александрович,Счетная палата; Федеральная служба по труду и занятости; ФНС,менеджер по продажам; специалист отдела налогового контроля,+7 (495) 512-82-45,татьяна.паньшин@example.com

Сидоров,Анастасия,Станиславовна,Госдума РФ,старший бухгалтер,+7 (495) 611-00-11,анастасия.сидоров@example.com

Паньшин,Арсений,Станиславовна,Минфин; Росреестр; МВД России; Госдума РФ,аналитик по финансовым вопросам; специалист отдела налогового контроля; руководитель проекта; старший бухгалтер,+7 (495) 161-20-78,арсений.паньшин@example.com

Паньшин,Вячеслав,Николаевич,ЦБ РФ; Федеральная служба по труду и занятости; Госдума РФ; ЦБ РФ; Росстат,старший бухгалтер; советник отдела Интернет проектов Управления информационных технологий; менеджер по работе с клиентами; специалист отдела налогового контроля; главный специалист – эксперт отдела взаимодействия с федеральными органами власти,+7 (495) 581-48-11,вячеслав.паньшин@example.com

Лукина,Алексей,Владимировна,Федеральная служба по труду и занятости,специалист отдела налогового контроля,+7 (495) 149-50-64,алексей.лукина@example.com

Паньшин,Дмитрий,Владимировна,МВД России; Федеральная служба по труду и занятости; Счетная палата; Росстат; МВД России,директор по развитию бизнеса; менеджер по продажам; финансовый аналитик; специалист отдела налогового контроля; менеджер по работе с клиентами,+7 (495) 829-72-10,дмитрий.паньшин@example.com

Усольцев,Иван,Станиславовна,ФНС; Счетная палата; Госдума РФ,специалист отдела налогового контроля; программист 1С; программист 1С,+7 (495) 176-09-59,иван.усольцев@example.com

Иванов,Алексей,Дмитриевна,Минфин; Росстат; Счетная палата; Федеральная служба по труду и занятости; Росстат,главный специалист – эксперт отдела взаимодействия с федеральными органами власти; программист 1С; специалист по маркетингу; менеджер по работе с клиентами; менеджер по продажам,+7 (495) 629-84-43,алексей.иванов@example.com

Лукина,Сергей,Сергеевна,Росреестр; Счетная палата; Счетная палата,финансовый аналитик; специалист по маркетингу; специалист по кадрам,+7 (495) 327-96-62,сергей.лукина@example.com

Петров,Татьяна,Геннадьевич,Счетная палата; Росреестр; Росреестр; Счетная палата,специалист отдела налогового контроля; аналитик по финансовым вопросам; старший бухгалтер,+7 (495) 479-08-47,татьяна.петров@example.com

Смирнов,Анастасия,Николаевич,Минфин; Счетная палата; Федеральная служба по труду и занятости; Росстат; МВД России,инженер-программист; менеджер по продажам; менеджер по продажам; аналитик по финансовым вопросам; финансовый аналитик,+7 (495) 122-08-79,анастасия.смирнов@example.com

Сидоров,Александра,Игоревна,Счетная палата; Росреестр; Госдума РФ,специалист отдела налогового контроля; менеджер по продажам; программист 1С,+7 (495) 236-71-04,александра.сидоров@example.com

Лагунцов,Иван,Станиславовна,МВД России; Минфин; ФНС,старший бухгалтер; менеджер по работе с клиентами; аналитик по финансовым вопросам; главный специалист – эксперт отдела взаимодействия с федеральными органами власти,+7 (495) 831-73-23,иван.лагунцов@example.com

Алексеев,Александра,Дмитриевна,ЦБ РФ; Росреестр; Минфин; Росреестр,менеджер по продажам; специалист отдела налогового контроля; руководитель проекта; специалист по кадрам; старший бухгалтер,+7 (495) 398-41-54,александра.алексеев@example.com

Сергеев,Александра,Игоревна,Счетная палата; ФНС; ФНС,специалист отдела налогового контроля; директор по развитию бизнеса; юрист-консультант,+7 (495) 186-14-91,александра.сергеев@example.com

Иванов,Сергей,Дмитриевна,Росстат; Минфин,директор по развитию бизнеса; инженер-программист,+7 (495) 592-02-98,сергей.иванов@example.com

Смирнов,Мария,Александрович,ФНС; Росстат,старший бухгалтер; руководитель проекта,+7 (495) 192-73-16,мария.смирнов@example.com

Паньшин,Олег,Рифхатович,Госдума РФ; Федеральная служба по труду и занятости; МВД России; Госдума РФ,специалист по кадрам; аналитик по финансовым вопросам; менеджер по работе с клиентами; финансовый аналитик,+7 (495) 531-76-98,олег.паньшин@example.com

Попов,Татьяна,Дмитриевна,Счетная палата; ФНС; Росреестр; ЦБ РФ,программист 1С; финансовый аналитик; советник отдела Интернет проектов Управления информационных технологий; специалист по маркетингу; инженер-программист,+7 (495) 739-57-91,татьяна.попов@example.com

Сергеев,Виктория,Станиславовна,Росреестр; Федеральная служба по труду и занятости; ЦБ РФ,программист 1С; советник отдела Интернет проектов Управления информационных технологий; главный специалист – эксперт отдела взаимодействия с федеральными органами власти,+7 (495) 211-99-65,виктория.сергеев@example.com

Зайцев,Виталий,Валентинович,Федеральная служба по труду и занятости,аналитик по финансовым вопросам,+7 (495) 969-75-61,виталий.зайцев@example.com

Дмитриев,Олег,Станиславовна,ФНС; МВД России; Минфин; Госдума РФ; МВД России; ЦБ РФ,аналитик по финансовым вопросам; специалист по кадрам; советник отдела Интернет проектов Управления информационных технологий; специалист по кадрам; финансовый аналитик; старший бухгалтер,+7 (495) 217-83-08,олег.дмитриев@example.com

Зайцев,Николай,Сергеевна,Госдума РФ; Росстат,аналитик по финансовым вопросам; советник отдела Интернет проектов Управления информационных технологий,+7 (495) 964-24-20,николай.зайцев@example.com

Сергеев,Николай,Владимировна,МВД России; Минфин; ФНС,юрист-консультант; менеджер по работе с клиентами; специалист отдела налогового контроля,+7 (495) 986-92-64,николай.сергеев@example.com

Кузнецов,Евгений,Геннадьевич,МВД России; Росстат,специалист по кадрам; финансовый аналитик,+7 (495) 324-27-53,евгений.кузнецов@example.com

Паньшин,Екатерина,Станиславовна,Росстат,менеджер по продажам,+7 (495) 564-66-88,екатерина.паньшин@example.com

Сергеев,Анна,Владимировна,Росстат; Минфин,менеджер по продажам; программист 1С,+7 (495) 572-35-66,анна.сергеев@example.com

Попов,Алексей,Сергеевна,Росстат; МВД России; Госдума РФ,инженер-программист; программист 1С; руководитель проекта,+7 (495) 684-23-55,алексей.попов@example.com

Зайцев,Анна,Сергеевна,Росстат,юрист-консультант; инженер-программист; специалист по маркетингу,+7 (495) 589-20-80,анна.зайцев@example.com

Тихонов,Анастасия,Дмитриевна,Госдума РФ; Росреестр; ФНС,юрист-консультант; аналитик по финансовым вопросам; специалист отдела налогового контроля; инженер-программист,+7 (495) 260-57-76,анастасия.тихонов@example.com

Иванов,Татьяна,Станиславовна,ЦБ РФ; ФНС; ЦБ РФ; Госдума РФ; Росреестр,старший бухгалтер; инженер-программист; руководитель проекта; советник отдела Интернет проектов Управления информационных технологий; специалист по маркетингу,+7 (495) 503-73-60,татьяна.иванов@example.com

Дмитриев,Алексей,Валентинович,Федеральная служба по труду и занятости,аналитик по финансовым вопросам,+7 (495) 990-37-01,алексей.дмитриев@example.com

Попов,Иван,Игоревна,Госдума РФ; Росреестр; Федеральная служба по труду и занятости; Росстат; Федеральная служба по труду и занятости,специалист отдела налогового контроля; советник отдела Интернет проектов Управления информационных технологий; юрист-консультант; специалист по кадрам; специалист по маркетингу,+7 (495) 696-84-49,иван.попов@example.com

Лагунцов,Вячеслав,Валентинович,Росстат; Счетная палата; Госдума РФ; ФНС; Минфин,советник отдела Интернет проектов Управления информационных технологий; специалист по маркетингу; старший бухгалтер; старший бухгалтер; руководитель проекта,+7 (495) 600-29-96,вячеслав.лагунцов@example.com

Дмитриев,Виталий,Геннадьевич,Госдума РФ; Росреестр; Росстат,специалист по маркетингу; менеджер по продажам; юрист-консультант,+7 (495) 592-18-87,виталий.дмитриев@example.com

Васильев,Ольга,Станиславовна,ФНС,специалист по кадрам,+7 (495) 507-61-30,ольга.васильев@example.com

Зайцев,Евгений,Владимировна,Росстат; Счетная палата,директор по развитию бизнеса; специалист отдела налогового контроля,+7 (495) 573-02-81,евгений.зайцев@example.com

Паньшин,Анастасия,Сергеевна,Росреестр; Минфин; ЦБ РФ,специалист отдела налогового контроля; специалист по кадрам,+7 (495) 330-21-51,анастасия.паньшин@example.com

Алексеев,Виталий,Рифхатович,Минфин; Федеральная служба по труду и занятости,главный специалист – эксперт отдела взаимодействия с федеральными органами власти; финансовый аналитик; программист 1С,+7 (495) 724-26-93,виталий.алексеев@example.com

Лукина,Евгений,Николаевич,ФНС; ЦБ РФ; Федеральная служба по труду и занятости,советник отдела Интернет проектов Управления информационных технологий; программист 1С; главный специалист – эксперт отдела взаимодействия с федеральными органами власти,+7 (495) 422-66-69,евгений.лукина@example.com

Смирнов,Арсений,Александрович,Госдума РФ,менеджер по работе с клиентами,+7 (495) 191-02-77,арсений.смирнов@example.com

Паньшин,Николай,Николаевич,Госдума РФ; Счетная палата; Минфин; Счетная палата; ФНС,программист 1С; главный специалист – эксперт отдела взаимодействия с федеральными органами власти; специалист по маркетингу; старший бухгалтер; менеджер по продажам,+7 (495) 395-97-07,николай.паньшин@example.com

Алексеев,Евгений,Дмитриевна,Росреестр; Росстат,советник отдела Интернет проектов Управления информационных технологий; старший бухгалтер,+7 (495) 213-66-71,евгений.алексеев@example.com

Тихонов,Иван,Станиславовна,Счетная палата; МВД России,старший бухгалтер; аналитик по финансовым вопросам,+7 (495) 237-55-33,иван.тихонов@example.com

Усольцев,Алексей,Геннадьевич,Минфин,руководитель проекта; специалист по кадрам,+7 (495) 429-10-07,алексей.усольцев@example.com

Петров,Александра,Сергеевна,МВД России,советник отдела Интернет проектов Управления информационных технологий,+7 (495) 187-02-79,александра.петров@example.com

Федоров,Мария,Игоревна,Росстат; МВД России; Росреестр; Федеральная служба по труду и занятости; ЦБ РФ,аналитик по финансовым вопросам; советник отдела Интернет проектов Управления информационных технологий; инженер-программист; главный специалист – эксперт отдела взаимодействия с федеральными органами власти; инженер-программист,+7 (495) 170-96-23,мария.федоров@example.com

Тихонов,Алексей,Рифхатович,Счетная палата; Минфин; ФНС,менеджер по работе с клиентами; директор по развитию бизнеса; менеджер по работе с клиентами,+7 (495) 535-08-01,алексей.тихонов@example.com

Мартиняхин,Анастасия,Станиславовна,Госдума РФ; ФНС,руководитель проекта; финансовый аналитик,+7 (495) 925-00-83,анастасия.мартиняхин@example.com

Алексеев,Виктория,Александрович,Росстат,менеджер по продажам,+7 (495) 888-98-81,виктория.алексеев@example.com

Усольцев,Ольга,Сергеевна,Госдума РФ,программист 1С; старший бухгалтер,+7 (495) 591-65-21,ольга.усольцев@example.com

Иванов,Виктория,Владимировна,Счетная палата; ФНС; Росреестр; ЦБ РФ; Росстат,руководитель проекта; советник отдела Интернет проектов Управления информационных технологий; специалист по маркетингу; старший бухгалтер; руководитель проекта,+7 (495) 236-13-90,виктория.иванов@example.com

Сидоров,Алексей,Владимировна,МВД России; Росреестр; МВД России; Федеральная служба по труду и занятости,аналитик по финансовым вопросам; старший бухгалтер; советник отдела Интернет проектов Управления информационных технологий; специалист отдела налогового контроля,+7 (495) 695-85-69,алексей.сидоров@example.com

Мартиняхин,Мария,Станиславовна,Счетная палата; Госдума РФ; Минфин; Минфин,старший бухгалтер; менеджер по продажам; главный специалист – эксперт отдела взаимодействия с федеральными органами власти; инженер-программист,+7 (495) 730-24-27,мария.мартиняхин@example.com

Тихонов,Мария,Александрович,ФНС; Федеральная служба по труду и занятости; ФНС,менеджер по работе с клиентами; старший бухгалтер; главный специалист – эксперт отдела взаимодействия с федеральными органами власти,+7 (495) 242-18-48,мария.тихонов@example.com

Михайлов,Виктория,Станиславовна,МВД России; Росстат,финансовый аналитик; специалист отдела налогового контроля,+7 (495) 620-25-37,виктория.михайлов@example.com

Лагунцов,Ольга,Игоревна,Росреестр; Минфин; Федеральная служба по труду и занятости; Федеральная служба по труду и занятости,программист 1С; советник отдела Интернет проектов Управления информационных технологий; программист 1С; советник отдела Интернет проектов Управления информационных технологий,+7 (495) 734-96-90,ольга.лагунцов@example.com

Петров,Олег,Дмитриевна,Счетная палата; Госдума РФ; ЦБ РФ; МВД России; Госдума РФ; Счетная палата,аналитик по финансовым вопросам; финансовый аналитик; руководитель проекта; юрист-консультант; менеджер по работе с клиентами; юрист-консультант,+7 (495) 172-56-86,олег.петров@example.com

Смирнов,Виктория,Николаевич,МВД России,инженер-программист,+7 (495) 609-17-15,виктория.смирнов@example.com

Сергеев,Виталий,Валентинович,Федеральная служба по труду и занятости; Счетная палата,инженер-программист; директор по развитию бизнеса,+7 (495) 818-99-08,виталий.сергеев@example.com

Федоров,Татьяна,Владимировна,ЦБ РФ; Госдума РФ,специалист отдела налогового контроля; аналитик по финансовым вопросам,+7 (495) 348-83-10,татьяна.федоров@example.com

Федоров,Александра,Валентинович,Росстат,специалист по кадрам,+7 (495) 539-46-66,александра.федоров@example.com

Алексеев,Мария,Николаевич,Росреестр; Госдума РФ; Госдума РФ; МВД России,советник отдела Интернет проектов Управления информационных технологий; специалист по маркетингу; финансовый аналитик; специалист по кадрам,+7 (495) 393-43-33,мария.алексеев@example.com

Смирнов,Олег,Николаевич,МВД России; Госдума РФ; МВД России,специалист отдела налогового контроля; аналитик по финансовым вопросам; программист 1С,+7 (495) 251-85-61,олег.смирнов@example.com

Иванов,Николай,Дмитриевна,Счетная палата; Федеральная служба по труду и занятости,специалист отдела налогового контроля; юрист-консультант,+7 (495) 652-05-89,николай.иванов@example.com

Васильев,Иван,Игоревна,Росреестр,программист 1С,+7 (495) 240-02-30,иван.васильев@example.com

Сидоров,Екатерина,Владимировна,ЦБ РФ,специалист по кадрам,+7 (495) 715-79-86,екатерина.сидоров@example.com

Петров,Иван,Владимировна,Федеральная служба по труду и занятости,менеджер по работе с клиентами,+7 (495) 560-48-01,иван.петров@example.com

Федоров,Ольга,Станиславовна,Счетная палата; Росстат,специалист отдела налогового контроля; инженер-программист,+7 (495) 679-36-11,ольга.федоров@example.com

Лукина,Виталий,Николаевич,Росстат,главный специалист – эксперт отдела взаимодействия с федеральными органами власти,+7 (495) 206-58-69,виталий.лукина@example.com

Кузнецов,Николай,Дмитриевна,МВД России; Росреестр,специалист по кадрам; советник отдела Интернет проектов Управления информационных технологий,+7 (495) 388-51-50,николай.кузнецов@example.com

Зайцев,Татьяна,Игоревна,ФНС; МВД России; Росстат; Госдума РФ,юрист-консультант; финансовый аналитик; старший бухгалтер; старший бухгалтер,+7 (495) 559-76-42,татьяна.зайцев@example.com

Тихонов,Виталий,Дмитриевна,МВД России; Росреестр,юрист-консультант; менеджер по работе с клиентами,+7 (495) 277-86-30,виталий.тихонов@example.com

Мартиняхин,Арсений,Игоревна,МВД России,аналитик по финансовым вопросам,+7 (495) 546-89-79,арсений.мартиняхин@example.com

Сидоров,Иван,Рифхатович,Федеральная служба по труду и занятости; ФНС; ЦБ РФ; Счетная палата,старший бухгалтер; инженер-программист; советник отдела Интернет проектов Управления информационных технологий; специалист по маркетингу,+7 (495) 125-62-51,иван.сидоров@example.com

Паньшин,Мария,Владимировна,Счетная палата; ЦБ РФ,советник отдела Интернет проектов Управления информационных технологий; руководитель проекта; советник отдела Интернет проектов Управления информационных технологий; директор по развитию бизнеса,+7 (495) 749-92-45,мария.паньшин@example.com

Попов,Виктория,Станиславовна,Госдума РФ; МВД России,специалист отдела налогового контроля; менеджер по продажам,+7 (495) 814-18-27,виктория.попов@example.com

Кузнецов,Алексей,Сергеевна,Счетная палата; Госдума РФ; ЦБ РФ,менеджер по продажам; аналитик по финансовым вопросам; программист 1С,+7 (495) 980-72-62,алексей.кузнецов@example.com

Попов,Дмитрий,Рифхатович,ФНС,менеджер по работе с клиентами,+7 (495) 585-08-69,дмитрий.попов@example.com

Паньшин,Евгений,Сергеевна,МВД России; Росстат; Минфин; МВД России,программист 1С; специалист по маркетингу; специалист по кадрам; менеджер по работе с клиентами,+7 (495) 805-31-60,евгений.паньшин@example.com

Петров,Ксения,Дмитриевна,МВД России,директор по развитию бизнеса,+7 (495) 648-16-41,ксения.петров@example.com

Михайлов,Арсений,Станиславовна,ЦБ РФ; Минфин; Минфин; ФНС,специалист по маркетингу; менеджер по продажам; старший бухгалтер; советник отдела Интернет проектов Управления информационных технологий,+7 (495) 847-56-23,арсений.михайлов@example.com

Дмитриев,Александра,Геннадьевич,Росреестр; ЦБ РФ,руководитель проекта; специалист отдела налогового контроля,+7 (495) 424-81-18,александра.дмитриев@example.com

Федоров,Виктория,Дмитриевна,ЦБ РФ; МВД России; ФНС; Госдума РФ,финансовый аналитик; аналитик по финансовым вопросам,+7 (495) 324-47-64,виктория.федоров@example.com

Кузнецов,Екатерина,Геннадьевич,ЦБ РФ; Счетная палата; Госдума РФ,инженер-программист; менеджер по продажам; менеджер по работе с клиентами,+7 (495) 187-50-18,екатерина.кузнецов@example.com

Лагунцов,Дмитрий,Александрович,Счетная палата; МВД России; Росреестр,старший бухгалтер; советник отдела Интернет проектов Управления информационных технологий; менеджер по продажам,+7 (495) 524-85-02,дмитрий.лагунцов@example.com

Васильев,Олег,Николаевич,Госдума РФ; МВД России; ЦБ РФ,советник отдела Интернет проектов Управления информационных технологий; юрист-консультант; инженер-программист,+7 (495) 601-72-37,олег.васильев@example.com

Зайцев,Иван,Рифхатович,МВД России; Федеральная служба по труду и занятости; ФНС,директор по развитию бизнеса; инженер-программист; главный специалист – эксперт отдела взаимодействия с федеральными органами власти,+7 (495) 476-99-29,иван.зайцев@example.com

Смирнов,Татьяна,Сергеевна,Федеральная служба по труду и занятости,аналитик по финансовым вопросам; советник отдела Интернет проектов Управления информационных технологий,+7 (495) 219-61-65,татьяна.смирнов@example.com

Федоров,Виталий,Станиславовна,Минфин; ФНС; Федеральная служба по труду и занятости; Росреестр,руководитель проекта; юрист-консультант; финансовый аналитик; специалист по кадрам,+7 (495) 864-50-46,виталий.федоров@example.com

Тихонов,Олег,Александрович,Росстат; ФНС,руководитель проекта,+7 (495) 817-41-82,олег.тихонов@example.com

Усольцев,Анна,Геннадьевич,ФНС,директор по развитию бизнеса,+7 (495) 601-21-27,анна.усольцев@example.com

Иванов,Дмитрий,Дмитриевна,ЦБ РФ; Росстат,финансовый аналитик; директор по развитию бизнеса,+7 (495) 332-56-53,дмитрий.иванов@example.com

Усольцев,Анастасия,Николаевич,Госдума РФ; Федеральная служба по труду и занятости; ЦБ РФ; МВД России,инженер-программист; специалист по маркетингу; директор по развитию бизнеса; менеджер по работе с клиентами,+7 (495) 847-16-59,анастасия.усольцев@example.com

Дмитриев,Екатерина,Сергеевна,Федеральная служба по труду и занятости; ФНС; Росреестр,финансовый аналитик; специалист отдела налогового контроля; инженер-программист,+7 (495) 659-97-13,екатерина.дмитриев@example.com

Наркаев,Александра,Владимировна,Росстат; Счетная палата; ЦБ РФ; Росстат; Росреестр,менеджер по работе с клиентами; специалист по кадрам; финансовый аналитик; руководитель проекта; старший бухгалтер; менеджер по работе с клиентами,+7 (495) 484-56-26,александра.наркаев@example.com

Петров,Алексей,Сергеевна,Росстат; МВД России; Росреестр,специалист по маркетингу; специалист по кадрам; инженер-программист,+7 (495) 906-41-40,алексей.петров@example.com

Михайлов,Екатерина,Рифхатович,ЦБ РФ; Росреестр,юрист-консультант; специалист по маркетингу,+7 (495) 242-83-80,екатерина.михайлов@example.com

Попов,Олег,Дмитриевна,Счетная палата,менеджер по работе с клиентами,+7 (495) 592-70-03,олег.попов@example.com

Васильев,Анастасия,Геннадьевич,ФНС; Росреестр; Федеральная служба по труду и занятости,старший бухгалтер; аналитик по финансовым вопросам; главный специалист – эксперт отдела взаимодействия с федеральными органами власти,+7 (495) 362-52-43,анастасия.васильев@example.com

Петров,Виктория,Дмитриевна,МВД России; Федеральная служба по труду и занятости,юрист-консультант; старший бухгалтер,+7 (495) 478-61-69,виктория.петров@example.com

Михайлов,Ольга,Станиславовна,Росреестр; МВД России,советник отдела Интернет проектов Управления информационных технологий; менеджер по работе с клиентами,+7 (495) 323-29-71,ольга.михайлов@example.com

Кузнецов,Арсений,Александрович,Росстат; Счетная палата,юрист-консультант; директор по развитию бизнеса,+7 (495) 681-30-06,арсений.кузнецов@example.com

Тихонов,Сергей,Дмитриевна,Росстат,специалист отдела налогового контроля,+7 (495) 265-23-70,сергей.тихонов@example.com

Наркаев,Алексей,Владимировна,Госдума РФ; Федеральная служба по труду и занятости; ЦБ РФ,специалист по маркетингу; старший бухгалтер; юрист-консультант,+7 (495) 547-04-50,алексей.наркаев@example.com

Лагунцов,Евгений,Александрович,Росреестр; Госдума РФ,специалист по кадрам; аналитик по финансовым вопросам,+7 (495) 157-51-90,евгений.лагунцов@example.com

Мартиняхин,Виктория,Владимировна,Федеральная служба по труду и занятости; МВД России,советник отдела Интернет проектов Управления информационных технологий; директор по развитию бизнеса,+7 (495) 398-91-88,виктория.мартиняхин@example.com

Мартиняхин,Виталий,Рифхатович,Госдума РФ,специалист по маркетингу,+7 (495) 112-39-56,виталий.мартиняхин@example.com

Федоров,Дмитрий,Сергеевна,ФНС; Счетная палата; МВД России,руководитель проекта; инженер-программист; финансовый аналитик,+7 (495) 495-04-97,дмитрий.федоров@example.com

Алексеев,Татьяна,Рифхатович,МВД России; ФНС,руководитель проекта; специалист отдела налогового контроля,+7 (495) 188-56-75,татьяна.алексеев@example.com

Смирнов,Екатерина,Александрович,Росстат; ЦБ РФ; Госдума РФ; Росреестр,директор по развитию бизнеса; специалист по маркетингу; главный специалист – эксперт отдела взаимодействия с федеральными органами власти; главный специалист – эксперт отдела взаимодействия с федеральными органами власти,+7 (495) 244-89-94,екатерина.смирнов@example.com

Иванов,Мария,Станиславовна,ФНС; Госдума РФ; Минфин; Росреестр,аналитик по финансовым вопросам; инженер-программист; главный специалист – эксперт отдела взаимодействия с федеральными органами власти; финансовый аналитик,+7 (495) 561-18-84,мария.иванов@example.com

Тихонов,Александра,Геннадьевич,Минфин,специалист по маркетингу,+7 (495) 166-12-98,александра.тихонов@example.com

Иванов,Евгений,Геннадьевич,Минфин,старший бухгалтер,+7 (495) 424-36-41,евгений.иванов@example.com

Сергеев,Евгений,Геннадьевич,МВД России; Госдума РФ,специалист по маркетингу; специалист по кадрам; специалист по кадрам; менеджер по работе с клиентами,+7 (495) 288-75-15,евгений.сергеев@example.com

Михайлов,Александра,Валентинович,Росстат; Минфин; Росстат; МВД России,главный специалист – эксперт отдела взаимодействия с федеральными органами власти; руководитель проекта; финансовый аналитик; директор по развитию бизнеса,+7 (495) 312-76-97,александра.михайлов@example.com

Дмитриев,Анастасия,Геннадьевич,МВД России,специалист по кадрам,+7 (495) 491-42-43,анастасия.дмитриев@example.com

Тихонов,Арсений,Игоревна,Счетная палата; Росреестр,инженер-программист; программист 1С,+7 (495) 444-83-73,арсений.тихонов@example.com

Васильев,Анна,Рифхатович,Минфин; Росреестр,старший бухгалтер; специалист отдела налогового контроля,+7 (495) 647-53-42,анна.васильев@example.com

Сергеев,Иван,Рифхатович,Росреестр; Счетная палата; Счетная палата,аналитик по финансовым вопросам; менеджер по продажам; директор по развитию бизнеса,+7 (495) 333-53-05,иван.сергеев@example.com

Алексеев,Екатерина,Владимировна,Минфин; Госдума РФ,программист 1С; юрист-консультант,+7 (495) 262-52-02,екатерина.алексеев@example.com

Наркаев,Дмитрий,Николаевич,ЦБ РФ; Федеральная служба по труду и занятости; Минфин; МВД России,главный специалист – эксперт отдела взаимодействия с федеральными органами власти; специалист отдела налогового контроля; программист 1С; менеджер по работе с клиентами,+7 (495) 268-97-89,дмитрий.наркаев@example.com

Сидоров,Виктория,Станиславовна,МВД России; Госдума РФ; Росстат; ФНС,специалист по кадрам; финансовый аналитик; директор по развитию бизнеса; менеджер по продажам,+7 (495) 992-32-17,виктория.сидоров@example.com

Алексеев,Сергей,Дмитриевна,Росреестр,специалист отдела налогового контроля,+7 (495) 784-40-51,сергей.алексеев@example.com

Мартиняхин,Николай,Игоревна,ЦБ РФ; Росреестр; ФНС; ЦБ РФ; Федеральная служба по труду и занятости,специалист по кадрам; инженер-программист; главный специалист – эксперт отдела взаимодействия с федеральными органами власти; специалист отдела налогового контроля; менеджер по работе с клиентами,+7 (495) 712-03-19,николай.мартиняхин@example.com

Паньшин,Иван,Игоревна,Росстат,финансовый аналитик; руководитель проекта; специалист по маркетингу,+7 (495) 904-38-75,иван.паньшин@example.com

Лукина,Анна,Владимировна,МВД России; Госдума РФ,инженер-программист; аналитик по финансовым вопросам,+7 (495) 240-55-98,анна.лукина@example.com

Федоров,Арсений,Станиславовна,Росстат; Федеральная служба по труду и занятости,финансовый аналитик,+7 (495) 508-46-09,арсений.федоров@example.com

Михайлов,Алексей,Геннадьевич,ФНС; Росстат; Росреестр; Минфин,юрист-консультант; программист 1С; старший бухгалтер; финансовый аналитик,+7 (495) 306-05-30,алексей.михайлов@example.com

Михайлов,Николай,Владимировна,МВД России; Госдума РФ; Федеральная служба по труду и занятости,советник отдела Интернет проектов Управления информационных технологий; директор по развитию бизнеса; старший бухгалтер,+7 (495) 659-05-72,николай.михайлов@example.com

Иванов,Анна,Рифхатович,Счетная палата; ЦБ РФ,менеджер по работе с клиентами; программист 1С,+7 (495) 168-58-51,анна.иванов@example.com

Зайцев,Ольга,Рифхатович,ЦБ РФ,главный специалист – эксперт отдела взаимодействия с федеральными органами власти,+7 (495) 634-20-32,ольга.зайцев@example.com

Михайлов,Ксения,Игоревна,Госдума РФ; МВД России,программист 1С; менеджер по продажам,+7 (495) 564-51-19,ксения.михайлов@example.com

Васильев,Вячеслав,Игоревна,Федеральная служба по труду и занятости; МВД России,финансовый аналитик; советник отдела Интернет проектов Управления информационных технологий,+7 (495) 904-63-93,вячеслав.васильев@example.com

Лагунцов,Анастасия,Александрович,Минфин,программист 1С,+7 (495) 162-29-97,анастасия.лагунцов@example.com

Наркаев,Виталий,Игоревна,ЦБ РФ,финансовый аналитик,+7 (495) 373-51-60,виталий.наркаев@example.com

Иванов,Олег,Валентинович,МВД России; ФНС,специалист по маркетингу; советник отдела Интернет проектов Управления информационных технологий; руководитель проекта; специалист по маркетингу,+7 (495) 941-67-27,олег.иванов@example.com

Васильев,Сергей,Геннадьевич,ФНС; ЦБ РФ; Госдума РФ,специалист отдела налогового контроля; специалист по маркетингу; советник отдела Интернет проектов Управления информационных технологий,+7 (495) 233-20-52,сергей.васильев@example.com

Попов,Вячеслав,Валентинович,ЦБ РФ; Федеральная служба по труду и занятости; Федеральная служба по труду и занятости,старший бухгалтер; специалист отдела налогового контроля; инженер-программист,+7 (495) 122-36-52,вячеслав.попов@example.com

Лагунцов,Арсений,Сергеевна,МВД России; ЦБ РФ; Госдума РФ; Минфин,менеджер по работе с клиентами; инженер-программист; аналитик по финансовым вопросам; менеджер по продажам,+7 (495) 696-92-39,арсений.лагунцов@example.com

Наркаев,Анна,Геннадьевич,ЦБ РФ; Росреестр; Росстат,руководитель проекта; аналитик по финансовым вопросам; специалист по кадрам,+7 (495) 488-03-92,анна.наркаев@example.com

Лукина,Екатерина,Рифхатович,МВД России,менеджер по продажам,+7 (495) 822-88-37,екатерина.лукина@example.com

Васильев,Виктория,Сергеевна,Минфин; Росреестр; Госдума РФ; ЦБ РФ,директор по развитию бизнеса; главный специалист – эксперт отдела взаимодействия с федеральными органами власти; инженер-программист; советник отдела Интернет проектов Управления информационных технологий,+7 (495) 603-35-16,виктория.васильев@example.com

Смирнов,Ксения,Станиславовна,Госдума РФ; Минфин; Росреестр,директор по развитию бизнеса; специалист отдела налогового контроля; аналитик по финансовым вопросам,+7 (495) 372-72-77,ксения.смирнов@example.com

Иванов,Иван,Валентинович,Счетная палата; Росреестр; Росстат,специалист по маркетингу; руководитель проекта; советник отдела Интернет проектов Управления информационных технологий,+7 (495) 961-41-88,иван.иванов@example.com

Паньшин,Ольга,Александрович,ЦБ РФ,менеджер по продажам; советник отдела Интернет проектов Управления информационных технологий,+7 (495) 692-21-73,ольга.паньшин@example.com

Наркаев,Иван,Дмитриевна,ЦБ РФ,специалист по маркетингу,+7 (495) 691-62-65,иван.наркаев@example.com

Дмитриев,Иван,Игоревна,МВД России; Минфин; Минфин; ЦБ РФ,специалист по маркетингу; советник отдела Интернет проектов Управления информационных технологий; главный специалист – эксперт отдела взаимодействия с федеральными органами власти; специалист по маркетингу,+7 (495) 117-98-06,иван.дмитриев@example.com

Усольцев,Ксения,Игоревна,Федеральная служба по труду и занятости; ФНС; ЦБ РФ,аналитик по финансовым вопросам; главный специалист – эксперт отдела взаимодействия с федеральными органами власти; директор по развитию бизнеса,+7 (495) 790-59-33,ксения.усольцев@example.com

Лагунцов,Сергей,Станиславовна,Госдума РФ,специалист отдела налогового контроля,+7 (495) 813-97-62,сергей.лагунцов@example.com

Попов,Анна,Валентинович,Минфин; Госдума РФ,специалист по маркетингу; старший бухгалтер,+7 (495) 568-27-23,анна.попов@example.com

Иванов,Виталий,Александрович,Минфин; Федеральная служба по труду и занятости,юрист-консультант; специалист отдела налогового контроля,+7 (495) 511-57-72,виталий.иванов@example.com

Сергеев,Вячеслав,Николаевич,ЦБ РФ; Счетная палата,старший бухгалтер; программист 1С; специалист по кадрам,+7 (495) 836-79-41,вячеслав.сергеев@example.com

Наркаев,Мария,Рифхатович,ФНС,специалист по кадрам,+7 (495) 872-15-30,мария.наркаев@example.com

Кузнецов,Вячеслав,Станиславовна,Росстат; ФНС,старший бухгалтер,+7 (495) 898-65-99,вячеслав.кузнецов@example.com

Кузнецов,Виктория,Игоревна,Счетная палата; ЦБ РФ,юрист-консультант,+7 (495) 592-79-45,виктория.кузнецов@example.com

Зайцев,Екатерина,Геннадьевич,Росреестр; ФНС,специалист по маркетингу; старший бухгалтер,+7 (495) 804-41-57,екатерина.зайцев@example.com

Мартиняхин,Анна,Сергеевна,ЦБ РФ,программист 1С,+7 (495) 399-70-81,анна.мартиняхин@example.com

Лагунцов,Виктория,Игоревна,ЦБ РФ,специалист отдела налогового контроля,+7 (495) 466-49-35,виктория.лагунцов@example.com

Тихонов,Татьяна,Дмитриевна,МВД России; Росреестр; Госдума РФ; Федеральная служба по труду и занятости,директор по развитию бизнеса; старший бухгалтер; специалист по маркетингу; специалист по маркетингу,+7 (495) 394-46-56,татьяна.тихонов@example.com

Зайцев,Мария,Владимировна,Госдума РФ; МВД России; Росреестр,аналитик по финансовым вопросам; юрист-консультант; финансовый аналитик,+7 (495) 791-61-80,мария.зайцев@example.com

Михайлов,Татьяна,Валентинович,Росстат; Госдума РФ; Росстат,руководитель проекта; аналитик по финансовым вопросам,+7 (495) 318-00-54,татьяна.михайлов@example.com

Сергеев,Олег,Геннадьевич,Росстат; Минфин,старший бухгалтер; директор по развитию бизнеса,+7 (495) 444-82-99,олег.сергеев@example.com

Иванов,Екатерина,Сергеевна,Счетная палата; Минфин,специалист отдела налогового контроля; менеджер по продажам,+7 (495) 229-49-79,екатерина.иванов@example.com

Васильев,Дмитрий,Игоревна,МВД России,инженер-программист,+7 (495) 465-65-16,дмитрий.васильев@example.com

Сидоров,Виталий,Николаевич,МВД России; Госдума РФ,специалист по маркетингу; специалист по кадрам,+7 (495) 774-35-77,виталий.сидоров@example.com

Усольцев,Екатерина,Станиславовна,МВД России; ФНС,руководитель проекта,+7 (495) 125-45-92,екатерина.усольцев@example.com

Лукина,Дмитрий,Геннадьевич,Федеральная служба по труду и занятости; Счетная палата; Счетная палата; Росстат,менеджер по работе с клиентами; финансовый аналитик; специалист по маркетингу; специалист по маркетингу,+7 (495) 581-39-55,дмитрий.лукина@example.com

Паньшин,Виталий,Александрович,Росстат,старший бухгалтер,+7 (495) 444-86-23,виталий.паньшин@example.com

Наркаев,Николай,Игоревна,Счетная палата; МВД России; Росстат; МВД России; ФНС,старший бухгалтер; специалист по кадрам; инженер-программист; специалист по маркетингу; специалист отдела налогового контроля,+7 (495) 789-36-34,николай.наркаев@example.com

Паньшин,Анна,Александрович,Росреестр; МВД России; Федеральная служба по труду и занятости,финансовый аналитик; аналитик по финансовым вопросам,+7 (495) 672-95-43,анна.паньшин@example.com

Михайлов,Сергей,Валентинович,Росстат,директор по развитию бизнеса,+7 (495) 725-77-48,сергей.михайлов@example.com

Кузнецов,Татьяна,Александрович,Минфин,специалист по кадрам,+7 (495) 501-97-18,татьяна.кузнецов@example.com

Усольцев,Арсений,Станиславовна,Счетная палата; Госдума РФ,специалист по маркетингу; программист 1С,+7 (495) 335-68-00,арсений.усольцев@example.com

Мартиняхин,Олег,Геннадьевич,Росстат,менеджер по работе с клиентами; специалист по кадрам,+7 (495) 371-42-27,олег.мартиняхин@example.com

Мартиняхин,Алексей,Станиславовна,ФНС; Росстат; МВД России,специалист по маркетингу; директор по развитию бизнеса; инженер-программист,+7 (495) 626-59-57,алексей.мартиняхин@example.com

Наркаев,Олег,Рифхатович,Счетная палата,инженер-программист,+7 (495) 765-85-40,олег.наркаев@example.com

Сидоров,Дмитрий,Александрович,Госдума РФ; Минфин,директор по развитию бизнеса; инженер-программист,+7 (495) 857-34-14,дмитрий.сидоров@example.com

Лагунцов,Мария,Владимировна,МВД России; Росстат,специалист по маркетингу; юрист-консультант,+7 (495) 352-66-63,мария.лагунцов@example.com

Васильев,Татьяна,Александрович,ФНС; Федеральная служба по труду и занятости; МВД России,аналитик по финансовым вопросам; советник отдела Интернет проектов Управления информационных технологий,+7 (495) 536-66-99,татьяна.васильев@example.com

Лагунцов,Екатерина,Александрович,Минфин; Федеральная служба по труду и занятости; Росстат; Росстат,специалист по маркетингу; менеджер по продажам; программист 1С; аналитик по финансовым вопросам,+7 (495) 618-53-27,екатерина.лагунцов@example.com

Наркаев,Арсений,Валентинович,Федеральная служба по труду и занятости; Росстат; МВД России,менеджер по продажам; советник отдела Интернет проектов Управления информационных технологий; менеджер по работе с клиентами,+7 (495) 179-02-23,арсений.наркаев@example.com

Мартиняхин,Екатерина,Сергеевна,Росстат; МВД России,специалист отдела налогового контроля; специалист по маркетингу,+7 (495) 349-23-33,екатерина.мартиняхин@example.com

Федоров,Алексей,Станиславовна,Госдума РФ,главный специалист – эксперт отдела взаимодействия с федеральными органами власти,+7 (495) 744-87-45,алексей.федоров@example.com

Зайцев,Виктория,Рифхатович,Минфин,советник отдела Интернет проектов Управления информационных технологий,+7 (495) 692-09-58,виктория.зайцев@example.com

Лукина,Иван,Сергеевна,Госдума РФ,специалист по кадрам,+7 (495) 377-57-50,иван.лукина@example.com

Тихонов,Екатерина,Александрович,Росстат; Счетная палата; Госдума РФ; Росреестр,специалист по маркетингу; специалист отдела налогового контроля; финансовый аналитик; менеджер по работе с клиентами,+7 (495) 163-95-80,екатерина.тихонов@example.com

Зайцев,Вячеслав,Дмитриевна,МВД России,юрист-консультант,+7 (495) 586-02-13,вячеслав.зайцев@example.com

Дмитриев,Вячеслав,Игоревна,ФНС,советник отдела Интернет проектов Управления информационных технологий,+7 (495) 987-99-05,вячеслав.дмитриев@example.com

Сергеев,Алексей,Сергеевна,МВД России; Федеральная служба по труду и занятости,советник отдела Интернет проектов Управления информационных технологий; аналитик по финансовым вопросам,+7 (495) 631-48-30,алексей.сергеев@example.com

Мартиняхин,Ксения,Николаевич,Росреестр; МВД России,специалист по маркетингу; специалист отдела налогового контроля,+7 (495) 268-24-54,ксения.мартиняхин@example.com

Тихонов,Ольга,Дмитриевна,Госдума РФ,специалист отдела налогового контроля,+7 (495) 941-32-59,ольга.тихонов@example.com

Алексеев,Иван,Игоревна,Росреестр; Минфин,советник отдела Интернет проектов Управления информационных технологий; инженер-программист,+7 (495) 529-71-50,иван.алексеев@example.com

Федоров,Иван,Владимировна,Федеральная служба по труду и занятости; Росстат,специалист отдела налогового контроля; аналитик по финансовым вопросам,+7 (495) 163-30-70,иван.федоров@example.com

Кузнецов,Виталий,Александрович,ФНС,специалист отдела налогового контроля,+7 (495) 238-20-86,виталий.кузнецов@example.com

Наркаев,Сергей,Александрович,Минфин,советник отдела Интернет проектов Управления информационных технологий,+7 (495) 581-04-29,сергей.наркаев@example.com

Смирнов,Николай,Николаевич,МВД России,аналитик по финансовым вопросам,+7 (495) 285-40-48,николай.смирнов@example.com

Наркаев,Татьяна,Николаевич,Федеральная служба по труду и занятости,директор по развитию бизнеса,+7 (495) 925-39-83,татьяна.наркаев@example.com

Тихонов,Николай,Валентинович,Росреестр,юрист-консультант,+7 (495) 910-88-70,николай.тихонов@example.com

Сидоров,Евгений,Станиславовна,Минфин; МВД России,советник отдела Интернет проектов Управления информационных технологий; менеджер по работе с клиентами; менеджер по работе с клиентами,+7 (495) 555-84-61,евгений.сидоров@example.com

Тихонов,Ксения,Валентинович,Федеральная служба по труду и занятости,менеджер по продажам,+7 (495) 378-68-32,ксения.тихонов@example.com

Сидоров,Анна,Николаевич,Счетная палата,менеджер по работе с клиентами,+7 (495) 889-21-48,анна.сидоров@example.com

Алексеев,Анастасия,Игоревна,Росстат,главный специалист – эксперт отдела взаимодействия с федеральными органами власти,+7 (495) 435-09-96,анастасия.алексеев@example.com

Лагунцов,Алексей,Александрович,ФНС,менеджер по продажам,+7 (495) 109-89-82,алексей.лагунцов@example.com

Алексеев,Олег,Николаевич,ЦБ РФ,главный специалист – эксперт отдела взаимодействия с федеральными органами власти,+7 (495) 691-86-37,олег.алексеев@example.com

Мартиняхин,Дмитрий,Геннадьевич,Госдума РФ,менеджер по продажам; советник отдела Интернет проектов Управления информационных технологий,+7 (495) 619-54-42,дмитрий.мартиняхин@example.com

Сидоров,Николай,Игоревна,Минфин; Госдума РФ,директор по развитию бизнеса; старший бухгалтер,+7 (495) 210-08-26,николай.сидоров@example.com

Смирнов,Анна,Валентинович,Минфин,финансовый аналитик,+7 (495) 814-92-55,анна.смирнов@example.com

Попов,Ксения,Сергеевна,МВД России,менеджер по работе с клиентами,+7 (495) 961-62-22,ксения.попов@example.com

Наркаев,Ксения,Валентинович,Госдума РФ,менеджер по работе с клиентами,+7 (495) 552-98-17,ксения.наркаев@example.com

Попов,Анастасия,Николаевич,Федеральная служба по труду и занятости,руководитель проекта,+7 (495) 165-37-42,анастасия.попов@example.com

Смирнов,Иван,Дмитриевна,ФНС,аналитик по финансовым вопросам,+7 (495) 325-67-78,иван.смирнов@example.com

Петров,Вячеслав,Николаевич,Росстат,специалист по кадрам,+7 (495) 981-00-75,вячеслав.петров@example.com

Паньшин,Александра,Рифхатович,МВД России,юрист-консультант; старший бухгалтер,+7 (495) 224-01-15,александра.паньшин@example.com

Дмитриев,Ольга,Владимировна,Минфин,специалист по кадрам,+7 (495) 212-60-28,ольга.дмитриев@example.com

